{"cameraMode":{"drawMode":0,"name":"Shaded","section":"Shading Mode"},"sceneLighting":true,"audioPlay":false,"sceneViewState":{"showFog":true,"showMaterialUpdate":false,"showSkybox":true,"showFlares":true,"showImageEffects":true,"showParticleSystems":true,"showVisualEffectGraphs":true,"m_FxEnabled":true},"in2DMode":false,"pivot":{"x":17.077213287353517,"y":3.013319730758667,"z":-22.907257080078126},"rotation":{"x":0.13207918405532838,"y":0.04755013808608055,"z":-0.006295470055192709,"w":0.9901679754257202},"size":7.278771877288818,"orthographic":false}